{
    "epoch": [
        1,
        2,
        3,
        4,
        5,
        6,
        7,
        8,
        9,
        10,
        11,
        12,
        13,
        14,
        15
    ],
    "train_loss": [
        1.0624168919210868,
        0.7186909591550246,
        0.6624003027161368,
        0.6251744538296564,
        0.606551595182103,
        0.5965166916901834,
        0.5855094703016396,
        0.5742966780091394,
        0.570669338250079,
        0.5613563845711793,
        0.5635600018080673,
        0.5561776591302883,
        0.547894002427556,
        0.5460537204577139,
        0.5471991852815953
    ],
    "train_acc": [
        0.670651501083256,
        0.7702336737852058,
        0.7828071804394924,
        0.7929046734757041,
        0.797585886722377,
        0.8014933457134015,
        0.8043562364593005,
        0.805323429278861,
        0.8091535128443207,
        0.8120164035902198,
        0.8127901578458682,
        0.8141442277932529,
        0.8149953574744662,
        0.817471371092541,
        0.8162720519962859
    ],
    "val_loss": [
        0.6959517991949454,
        0.6425632129594425,
        0.5621882681715353,
        0.5612257223226295,
        0.5509528283014189,
        0.5430810053429869,
        0.5226577187747317,
        0.5273116392594551,
        0.5332350228082128,
        0.5067910662869506,
        0.5090630533700928,
        0.5048679902498626,
        0.4951267960291291,
        0.5143641229698859,
        0.5073774929962638
    ],
    "val_acc": [
        0.7844105326152004,
        0.7888988629563136,
        0.8213644524236984,
        0.8158288450029922,
        0.8197187312986236,
        0.8304907241172951,
        0.8307899461400359,
        0.8245062836624776,
        0.8255535607420706,
        0.8378216636744464,
        0.8385697187312986,
        0.8367743865948534,
        0.8405146618791143,
        0.8318372232196289,
        0.8318372232196289
    ]
}